{
  "training": {
    "final_loss": 221.5294952392578,
    "final_recon_loss": 125.55398559570312,
    "final_kl_z": 3.774907112121582,
    "final_kl_c": 0.001968513010069728,
    "training_time_sec": 185.4704658985138,
    "epochs_completed": 100
  },
  "classification": {
    "final_accuracy": 0.4798,
    "final_classification_loss": 0.18970690667629242
  },
  "diagnostics_path": "/workspaces/active_learning_showcase/artifacts/experiments/mixture_ablation_entropy_reward_20251109_003609/diagnostics/checkpoint",
  "mixture": {
    "K": 10,
    "final_component_entropy": 0.33405688405036926,
    "final_pi_entropy": 2.302584648132324,
    "K_eff": 6.811417579650879,
    "active_components": 8,
    "responsibility_confidence_mean": 0.8434191942214966,
    "component_majority_labels": [
      8,
      0,
      7,
      9,
      6,
      6,
      7,
      7,
      7,
      6
    ],
    "component_majority_confidence": [
      0.5160504579544067,
      0.4385547339916229,
      0.9879128336906433,
      0.9924807548522949,
      0.8121823072433472,
      0.9998709559440613,
      0.5229988694190979,
      9.266465212931507e-07,
      0.8960716128349304,
      0.9998578429222107
    ],
    "pi_max": 0.10000821202993393,
    "pi_min": 0.09999611973762512,
    "pi_argmax": 1,
    "pi_values": [
      0.09999814629554749,
      0.10000821202993393,
      0.09999772161245346,
      0.10000250488519669,
      0.09999935328960419,
      0.09999966621398926,
      0.09999693930149078,
      0.09999611973762512,
      0.10000140219926834,
      0.09999993443489075
    ],
    "component_usage": [
      0.1611107736825943,
      0.20689429342746735,
      0.1315397024154663,
      0.17614366114139557,
      0.07431718707084656,
      0.041564226150512695,
      0.02351740002632141,
      3.2455648411866544e-12,
      1.2403897017065901e-05,
      0.18490032851696014
    ]
  },
  "clustering": {
    "nmi": 0.8519590445170675,
    "ari": 0.0
  }
}