{
  "training": {
    "final_loss": 227.78131103515625,
    "final_recon_loss": 130.77899169921875,
    "final_kl_z": 3.3324055671691895,
    "final_kl_c": 0.002134243492037058,
    "training_time_sec": 359.9430832862854,
    "epochs_completed": 50
  },
  "classification": {
    "final_accuracy": 0.3444,
    "final_classification_loss": 1.7655823230743408
  },
  "diagnostics_path": "/workspaces/active_learning_showcase/use_cases/experiments/runs/tau_classifier_validation_20251110_114715/diagnostics/checkpoint",
  "mixture": {
    "K": 10,
    "final_component_entropy": 0.16831865906715393,
    "final_pi_entropy": 2.302584648132324,
    "K_eff": 7.852663040161133,
    "active_components": 9,
    "responsibility_confidence_mean": 0.9017369151115417,
    "component_majority_labels": [
      6,
      1,
      0,
      8,
      0,
      2,
      7,
      7,
      3,
      8
    ],
    "component_majority_confidence": [
      0.33935093879699707,
      0.802844762802124,
      0.3847845494747162,
      0.3075293302536011,
      0.8061041235923767,
      0.3104284405708313,
      0.32176485657691956,
      0.4727960526943207,
      0.17975588142871857,
      0.4396546483039856
    ],
    "pi_max": 0.10001672059297562,
    "pi_min": 0.09998263418674469,
    "pi_argmax": 3,
    "pi_values": [
      0.10000576078891754,
      0.0999971255660057,
      0.09999467432498932,
      0.10001672059297562,
      0.09999974071979523,
      0.09999572485685349,
      0.10000836104154587,
      0.09999611973762512,
      0.10000303387641907,
      0.09998263418674469
    ],
    "component_usage": [
      0.14508596062660217,
      0.08325283229351044,
      3.195678073097952e-05,
      0.1479533463716507,
      0.03444456681609154,
      0.19186155498027802,
      0.07116467505693436,
      0.03768669441342354,
      0.1859978884458542,
      0.10252045840024948
    ]
  },
  "tau_classifier": {
    "tau_matrix_shape": [
      10,
      10
    ],
    "tau_sparsity": 0.26999998092651367,
    "components_per_label": [
      2,
      1,
      2,
      1,
      2,
      1,
      1,
      2,
      1,
      0
    ],
    "avg_components_per_label": 1.3000000715255737,
    "label_coverage": 9,
    "component_dominant_labels": [
      6,
      1,
      6,
      4,
      0,
      3,
      7,
      7,
      2,
      8
    ],
    "certainty_mean": 0.27774980664253235,
    "certainty_std": 0.15335611999034882,
    "certainty_min": 0.07441463321447372,
    "certainty_max": 0.7489097118377686,
    "ood_score_mean": 0.7222501635551453,
    "ood_score_std": 0.15335611999034882,
    "num_free_channels": 10,
    "free_channels": [
      -1,
      -1,
      -1,
      -1,
      -1,
      -1,
      -1,
      -1,
      -1,
      -1
    ]
  },
  "clustering": {
    "nmi": 0.36931962232948046,
    "ari": 0.06965816231941929
  }
}