{
  "training": {
    "final_loss": 221.1740264892578,
    "final_recon_loss": 125.1163330078125,
    "final_kl_z": 3.8014400005340576,
    "final_kl_c": 0.0020507043227553368,
    "training_time_sec": 189.77083110809326,
    "epochs_completed": 100
  },
  "classification": {
    "final_accuracy": 0.615,
    "final_classification_loss": 0.24440446496009827
  },
  "diagnostics_path": "/workspaces/active_learning_showcase/artifacts/experiments/mixture_entropy_reward_100labels_20251109_004339/diagnostics/checkpoint",
  "mixture": {
    "K": 10,
    "final_component_entropy": 0.2518603503704071,
    "final_pi_entropy": 2.302584648132324,
    "K_eff": 6.719645023345947,
    "active_components": 9,
    "responsibility_confidence_mean": 0.8670580983161926,
    "component_majority_labels": [
      9,
      5,
      6,
      7,
      7,
      6,
      5,
      6,
      6,
      6
    ],
    "component_majority_confidence": [
      0.3455328047275543,
      0.2685396671295166,
      0.838446319103241,
      0.2568908929824829,
      0.40450313687324524,
      0.9239798188209534,
      0.7789479494094849,
      0.8672324419021606,
      0.9616007208824158,
      0.8168390989303589
    ],
    "pi_max": 0.10000583529472351,
    "pi_min": 0.09999711811542511,
    "pi_argmax": 4,
    "pi_values": [
      0.10000056028366089,
      0.10000579804182053,
      0.09999711811542511,
      0.10000049322843552,
      0.10000583529472351,
      0.09999755024909973,
      0.09999831020832062,
      0.09999726712703705,
      0.09999755769968033,
      0.09999947249889374
    ],
    "component_usage": [
      0.19280964136123657,
      0.19822372496128082,
      0.01856386661529541,
      0.19321513175964355,
      0.1506410837173462,
      0.02045278064906597,
      0.047873977571725845,
      3.5404648102144165e-09,
      0.017690181732177734,
      0.16052955389022827
    ]
  },
  "clustering": {
    "nmi": 0.5365131004383265,
    "ari": -0.0963855421686747
  }
}