{
  "training": {
    "final_loss": 229.58749389648438,
    "final_recon_loss": 132.37741088867188,
    "final_kl_z": 3.4256560802459717,
    "final_kl_c": 0.0021824571304023266,
    "training_time_sec": 110.18847036361694,
    "epochs_completed": 50
  },
  "classification": {
    "final_accuracy": 0.3164,
    "final_classification_loss": 1.8464412689208984
  },
  "diagnostics_path": "/workspaces/active_learning_showcase/use_cases/experiments/runs/tau_classifier_validation_20251110_133831/diagnostics/checkpoint",
  "mixture": {
    "K": 10,
    "final_component_entropy": 0.12011373043060303,
    "final_pi_entropy": 2.302584648132324,
    "K_eff": 5.2856855392456055,
    "active_components": 7,
    "responsibility_confidence_mean": 0.9379484057426453,
    "component_majority_labels": [
      5,
      1,
      8,
      8,
      0,
      3,
      7,
      6,
      7,
      8
    ],
    "component_majority_confidence": [
      0.22542260587215424,
      0.9990032911300659,
      0.5248777270317078,
      0.36706870794296265,
      0.9532599449157715,
      0.3207170069217682,
      0.7465587854385376,
      0.3724459409713745,
      0.22354942560195923,
      0.41780656576156616
    ],
    "pi_max": 0.10001067817211151,
    "pi_min": 0.09999430179595947,
    "pi_argmax": 1,
    "pi_values": [
      0.09999703615903854,
      0.10001067817211151,
      0.09999701380729675,
      0.09999624639749527,
      0.09999691694974899,
      0.09999430179595947,
      0.09999599307775497,
      0.10000695288181305,
      0.10000617802143097,
      0.09999875724315643
    ],
    "component_usage": [
      0.21142005920410156,
      0.08621828258037567,
      3.569523323676549e-05,
      2.5768655177671462e-05,
      0.013387920334935188,
      0.2484285682439804,
      0.020356234163045883,
      0.15539179742336273,
      0.264695405960083,
      4.0258226363221183e-05
    ]
  },
  "tau_classifier": {
    "tau_matrix_shape": [
      10,
      10
    ],
    "tau_sparsity": 0.2199999988079071,
    "components_per_label": [
      1,
      1,
      1,
      1,
      0,
      0,
      2,
      3,
      0,
      0
    ],
    "avg_components_per_label": 0.9000000357627869,
    "label_coverage": 6,
    "component_dominant_labels": [
      6,
      1,
      6,
      5,
      0,
      3,
      7,
      6,
      2,
      7
    ],
    "certainty_mean": 0.24420073628425598,
    "certainty_std": 0.14827050268650055,
    "certainty_min": 0.07843931764364243,
    "certainty_max": 0.7482752203941345,
    "ood_score_mean": 0.7557992339134216,
    "ood_score_std": 0.14827050268650055,
    "num_free_channels": 10,
    "free_channels": [
      -1,
      -1,
      -1,
      -1,
      -1,
      -1,
      -1,
      -1,
      -1,
      -1
    ]
  },
  "clustering": {
    "nmi": 0.30742665639322697,
    "ari": 0.04453907724972404
  }
}