{
  "training": {
    "final_loss": 228.3711700439453,
    "final_recon_loss": 132.53372192382812,
    "final_kl_z": 3.422844886779785,
    "final_kl_c": 0.0021423320285975933,
    "training_time_sec": 31.684845685958862,
    "epochs_completed": 50
  },
  "classification": {
    "final_accuracy": 0.4712,
    "final_classification_loss": 0.3958723247051239
  },
  "diagnostics_path": "/workspaces/active_learning_showcase/use_cases/experiments/runs/mixture_k10_20251110_001426/diagnostics/checkpoint",
  "mixture": {
    "K": 10,
    "final_component_entropy": 0.16023030877113342,
    "final_pi_entropy": 2.302584648132324,
    "K_eff": 5.842103481292725,
    "active_components": 6,
    "responsibility_confidence_mean": 0.9143751263618469,
    "component_majority_labels": [
      8,
      0,
      7,
      0,
      0,
      1,
      0,
      0,
      1,
      9
    ],
    "component_majority_confidence": [
      0.47211533784866333,
      0.25378841161727905,
      0.9701563715934753,
      0.032780688256025314,
      0.7544224858283997,
      0.9905977249145508,
      0.9881797432899475,
      0.02392127923667431,
      0.5195245146751404,
      0.5026559233665466
    ],
    "pi_max": 0.10000736266374588,
    "pi_min": 0.09999619424343109,
    "pi_argmax": 5,
    "pi_values": [
      0.10000155866146088,
      0.0999976396560669,
      0.10000187158584595,
      0.09999821335077286,
      0.09999807924032211,
      0.10000736266374588,
      0.0999978557229042,
      0.09999619424343109,
      0.09999998658895493,
      0.10000114887952805
    ],
    "component_usage": [
      0.19379010796546936,
      2.93240805149253e-06,
      0.19259466230869293,
      3.595062025851803e-07,
      0.05044934153556824,
      0.19711655378341675,
      0.009970806539058685,
      2.7545189240640866e-08,
      0.1939898580312729,
      0.16208532452583313
    ]
  },
  "clustering": {
    "nmi": 0.7601875334318686,
    "ari": 0.0
  }
}