{
  "training": {
    "final_loss": 227.53952026367188,
    "final_recon_loss": 131.71058654785156,
    "final_kl_z": 3.4221394062042236,
    "final_kl_c": 0.0021084442269057035,
    "training_time_sec": 31.124648094177246,
    "epochs_completed": 50
  },
  "classification": {
    "final_accuracy": 0.392,
    "final_classification_loss": 0.3897947669029236
  },
  "diagnostics_path": "/workspaces/active_learning_showcase/use_cases/experiments/runs/mixture_k10_20251109_153043/diagnostics/checkpoint",
  "mixture": {
    "K": 10,
    "final_component_entropy": 0.194114550948143,
    "final_pi_entropy": 2.302584648132324,
    "K_eff": 5.870015621185303,
    "active_components": 7,
    "responsibility_confidence_mean": 0.8909704685211182,
    "component_majority_labels": [
      9,
      9,
      9,
      8,
      7,
      0,
      7,
      9,
      7,
      8
    ],
    "component_majority_confidence": [
      0.9981808066368103,
      0.0029005089309066534,
      0.002584193367511034,
      0.999280571937561,
      0.4963778555393219,
      0.4493890106678009,
      0.8278138637542725,
      0.8102626204490662,
      0.5043697953224182,
      1.0
    ],
    "pi_max": 0.10001550614833832,
    "pi_min": 0.09998612850904465,
    "pi_argmax": 6,
    "pi_values": [
      0.10000621527433395,
      0.09999168664216995,
      0.09998784959316254,
      0.10000205785036087,
      0.09998612850904465,
      0.0999901294708252,
      0.10001550614833832,
      0.10000240057706833,
      0.10001114755868912,
      0.10000687837600708
    ],
    "component_usage": [
      0.17591018974781036,
      2.35541833149e-07,
      1.4298932171641354e-07,
      0.23180215060710907,
      0.0305089820176363,
      0.20410864055156708,
      0.0340859554708004,
      1.2623652310139732e-06,
      0.1215740293264389,
      0.20200839638710022
    ]
  },
  "clustering": {
    "nmi": 0.8519590445170674,
    "ari": 0.0
  }
}