{
  "training": {
    "final_loss": 117.34925079345703,
    "final_recon_loss": 25.344085693359375,
    "final_kl_z": 0.011866838671267033,
    "final_kl_c": 0.0022821668535470963,
    "training_time_sec": 35.631739377975464,
    "epochs_completed": 75
  },
  "classification": {
    "final_accuracy": 0.1022,
    "final_classification_loss": 2.1621992588043213
  },
  "diagnostics_path": "/workspaces/active_learning_showcase/use_cases/experiments/runs/tau_classifier_ablation_baseline_20251110_112156/diagnostics/checkpoint",
  "mixture": {
    "K": 10,
    "final_component_entropy": 0.02041636034846306,
    "final_pi_entropy": 2.302584648132324,
    "K_eff": 9.767786979675293,
    "active_components": 10,
    "responsibility_confidence_mean": 0.9658908843994141,
    "component_majority_labels": [
      9,
      7,
      4,
      5,
      3,
      8,
      0,
      1,
      4,
      6
    ],
    "component_majority_confidence": [
      0.3371043801307678,
      0.9999954104423523,
      0.7775812745094299,
      0.3629816174507141,
      0.5000633001327515,
      0.9999374151229858,
      0.9999850988388062,
      0.9995822906494141,
      0.527678906917572,
      0.9266015887260437
    ],
    "pi_max": 0.1000073030591011,
    "pi_min": 0.09999366104602814,
    "pi_argmax": 5,
    "pi_values": [
      0.09999366104602814,
      0.10000177472829819,
      0.1000041589140892,
      0.09999638795852661,
      0.09999912232160568,
      0.1000073030591011,
      0.09999722242355347,
      0.10000264644622803,
      0.09999900311231613,
      0.09999879449605942
    ],
    "component_usage": [
      0.07983986288309097,
      0.05649946257472038,
      0.09810470789670944,
      0.08658496290445328,
      0.11549552530050278,
      0.12257298827171326,
      0.09585409611463547,
      0.1180456206202507,
      0.0976630300283432,
      0.12933972477912903
    ]
  },
  "clustering": {
    "nmi": 0.7551774872700846,
    "ari": 0.06952965235173825
  }
}