{
  "training": {
    "final_loss": 228.734375,
    "final_recon_loss": 132.91700744628906,
    "final_kl_z": 3.42100191116333,
    "final_kl_c": 0.0021720025688409805,
    "training_time_sec": 31.424402236938477,
    "epochs_completed": 50
  },
  "classification": {
    "final_accuracy": 0.4496,
    "final_classification_loss": 0.3772369623184204
  },
  "diagnostics_path": "/workspaces/active_learning_showcase/artifacts/experiments/mixture_k10_20251109_131455/diagnostics/checkpoint",
  "mixture": {
    "K": 10,
    "final_component_entropy": 0.1305667608976364,
    "final_pi_entropy": 2.302584648132324,
    "K_eff": 5.6012139320373535,
    "active_components": 6,
    "responsibility_confidence_mean": 0.9232869744300842,
    "component_majority_labels": [
      1,
      1,
      8,
      1,
      0,
      6,
      0,
      1,
      1,
      9
    ],
    "component_majority_confidence": [
      0.8547139167785645,
      0.6605291962623596,
      0.9398654699325562,
      0.09515176713466644,
      0.9777159094810486,
      0.9958661198616028,
      0.9858955144882202,
      0.9477481245994568,
      0.9854381084442139,
      0.5135453939437866
    ],
    "pi_max": 0.10000455379486084,
    "pi_min": 0.09999752044677734,
    "pi_argmax": 5,
    "pi_values": [
      0.09999842196702957,
      0.09999767690896988,
      0.10000082105398178,
      0.09999793767929077,
      0.10000164061784744,
      0.10000455379486084,
      0.10000191628932953,
      0.09999802708625793,
      0.09999752044677734,
      0.10000152885913849
    ],
    "component_usage": [
      0.17685039341449738,
      1.8548864318290725e-05,
      0.24045182764530182,
      2.358076223174521e-08,
      0.08420052379369736,
      0.23659701645374298,
      0.09808240830898285,
      1.565997263242025e-05,
      6.528515314130345e-06,
      0.16377702355384827
    ]
  },
  "clustering": {
    "nmi": 0.9310809437291903,
    "ari": 0.0
  }
}