{
  "training": {
    "final_loss": 229.53274536132812,
    "final_recon_loss": 132.28366088867188,
    "final_kl_z": 3.4744246006011963,
    "final_kl_c": 0.0020709570962935686,
    "training_time_sec": 354.87470960617065,
    "epochs_completed": 50
  },
  "classification": {
    "final_accuracy": 0.3298,
    "final_classification_loss": 1.857629418373108
  },
  "diagnostics_path": "/workspaces/active_learning_showcase/use_cases/experiments/runs/tau_classifier_validation_20251110_112521/diagnostics/checkpoint",
  "mixture": {
    "K": 10,
    "final_component_entropy": 0.2316133677959442,
    "final_pi_entropy": 2.302584648132324,
    "K_eff": 6.5945143699646,
    "active_components": 9,
    "responsibility_confidence_mean": 0.8910771012306213,
    "component_majority_labels": [
      0,
      1,
      0,
      7,
      4,
      3,
      7,
      6,
      7,
      8
    ],
    "component_majority_confidence": [
      0.7518320679664612,
      0.9993535280227661,
      0.20763450860977173,
      0.279020220041275,
      0.5527974963188171,
      0.2871473729610443,
      0.6154484748840332,
      0.4552935063838959,
      0.22344936430454254,
      0.1947993040084839
    ],
    "pi_max": 0.10000725835561752,
    "pi_min": 0.09999629855155945,
    "pi_argmax": 9,
    "pi_values": [
      0.09999796003103256,
      0.0999990776181221,
      0.10000051558017731,
      0.09999629855155945,
      0.09999831020832062,
      0.10000072419643402,
      0.09999744594097137,
      0.10000067949295044,
      0.100001759827137,
      0.10000725835561752
    ],
    "component_usage": [
      0.012226684018969536,
      0.08640068769454956,
      0.13316668570041656,
      1.3515939826902468e-05,
      0.02111339382827282,
      0.2109680026769638,
      0.015519341453909874,
      0.12069113552570343,
      0.26434966921806335,
      0.1355508714914322
    ]
  },
  "tau_classifier": {
    "tau_matrix_shape": [
      10,
      10
    ],
    "tau_sparsity": 0.25999999046325684,
    "components_per_label": [
      2,
      1,
      1,
      1,
      0,
      0,
      3,
      2,
      0,
      1
    ],
    "avg_components_per_label": 1.100000023841858,
    "label_coverage": 7,
    "component_dominant_labels": [
      6,
      1,
      0,
      7,
      0,
      3,
      7,
      6,
      2,
      9
    ],
    "certainty_mean": 0.23987199366092682,
    "certainty_std": 0.15737341344356537,
    "certainty_min": 0.05612415820360184,
    "certainty_max": 0.7509896159172058,
    "ood_score_mean": 0.7601280212402344,
    "ood_score_std": 0.15737339854240417,
    "num_free_channels": 10,
    "free_channels": [
      -1,
      -1,
      -1,
      -1,
      -1,
      -1,
      -1,
      -1,
      -1,
      -1
    ]
  },
  "clustering": {
    "nmi": 0.31384854103426607,
    "ari": 0.026826128617010638
  }
}